<?xml version="1.0" encoding="UTF-8"?>
<bundles>
    <bundle language="en" locale="en_us">
        
        <entry key="cagPrimaryText"> If you are a Datto RMM Administrator, you may log in here to support other devices.</entry>        
        <entry key="onDemandText">To request support, please click on the Connect button below.</entry>        
        <entry key="companyUrlText">www.bluefrontier.co.uk</entry>        
        <entry key="companySupportUrlText">www.bluefrontier.co.uk</entry>        
        <entry key="companyNameText">Blue Frontier IT Ltd</entry>        
        <entry key="productShortNameText">BF Agent</entry>        
        <entry key="ticketAutosave">true</entry>        
        <entry key="ticketPhoneOptions">mandatory</entry>        
        <entry key="ticketNameOptions">mandatory</entry>        
        <entry key="ticketUrgencyOptions">show</entry>        
        <entry key="ticketLogoPageAlignment">center</entry>        
        <entry key="ticketImpactOptions">show</entry>        
        <entry key="ticketDescriptionOptions">optional</entry>        
        <entry key="ticketEmailOptions">mandatory</entry>        
        <entry key="ticketScreenshotOptions">show</entry>        
        <entry key="ticketSubmitButtonColor">0080C6</entry>        
        <entry key="ticketSubmitButtonTextColor">FFFFFF</entry>
    </bundle>
</bundles>
